<?xml version="1.0" encoding="UTF-8"?>
<!DOCTYPE hibernate-configuration PUBLIC
        "-//Hibernate/Hibernate Configuration DTD 3.0//EN"
        "http://www.hibernate.org/dtd/hibernate-configuration-3.0.dtd">
<hibernate-configuration>      
  <session-factory>
    <!-- Database connection settings -->
    <property name="hibernate.current_session_context_class">thread</property>
    <property name="hibernate.connection.driver_class">oracle.jdbc.driver.OracleDriver</property>
    <property name="hibernate.connection.url">jdbc:oracle:thin:@localhost:1521:xe</property>
    <property name="connection.username">Theater</property>
    <property name="connection.password">D4werdesgr8</property>
    <property name="hibernate.dilect">org.hibernate.dialect.Oracle10gDialect"</property>
    <property name="show_sql">true</property>
    
    <mapping class="com.zebra.model.Customer"/>    
    <mapping class="com.zebra.model.SeatHold"/>
    <mapping class="com.zebra.model.Seat"/>
     
  </session-factory>
</hibernate-configuration>